<!--
VÕFA Nennformular
CMSimple-XH form plugin
-->



<form target="file:nennung">

	<h2>Regionalwettbewerbs-Nennung</h2>

	<p>Alle gelb hinterlegten Felder müssen ausgefüllt werden.</p>
	
	<div class="form_block">
		<h3>Region</h3>
		<select cond="region" name="region" source="file:*@regionen>name,value>{name}@{value}" mandatory="true"/>

		<hidden name="wettbewerb" value="Regionalmeisterschaft"/>

	</div>

	
	<div name="data" hide="region">
	
		<div name="klub" class="form_block">
			<h3>Filmklub</h3>

			<select cond="klub" label="Klubname" name="klub" sourcevalue="nummer" source="file:region=$region@klubs>name,nummer>{name} ({nummer)}" mandatory="mandatory"/>
		</div>

		<div name="autor" hide="klub" class="form_block">
			<h3>Autor</h3>

			<input cond="autor" label="Name" name="author" source="access:fullname" mandatory="" check="count:3"/>
			
			<input cond="autor" label="E-Mail" name="email" source="access:email" mandatory="true" check="count:3"/>
			<input cond="autor" label="Adresse" name="address" mandatory="true" check="count:3"/>
			<input cond="autor" label="Postleitzahl" name="zip" mandatory="true" check="count:3"/>
			<input cond="autor" label="Ort" name="city" mandatory="true" check="count:3"/>
			<!--<input cond="autor" label="Land" name="land" mandatory="true" check="count:3"/>-->

			<select cond="autor" label="Staat" name="land" source="file:*@land>name,id>{name}@{name}" mandatory="mandatory"/>

			<input cond="autor" label="Geburtsdatum" comment="(nur für Jeunesse bis 25 Jahre)" name="geburtsdatum" check="regex:[0-9\.\-\,\ ]+"/>

		</div>

		<!-- <select label="Film auswählen" name="film" source="database:actor=$author@film"/> -->

		<div name="film" hide="autor" class="form_block">
			<h3>Film</h3>

			<input cond="film" label="Titel des Films" name="title" mandatory="new_film" check="count:3"/>
			<input cond="film" label="Filmlänge" comment="Minuten (aufgerundet)" name="time" check="regex:[0-9]+" mandatory="new_film"/>

			<textarea label="Kurze Inhaltsangabe" name="abstract" mandatory="true"/>
			
			<checkbox label="Für Jugendliche geeignet" name="jugendfrei"/>
			
			<p>Das Vorführformat ist 16:9. Filme in anderen Formaten müssen mit schwarzen Streifen (Letterbox / Pillarbox) im 16:9-Format vorliegen.</p>
			<p>Dateiformat: H264/mp4 /</p>
			
			<radio legend="Format" name="format" mandatory="new_film">
				<option>SD - 720x576</option>
				<option>HD - 1920x1080</option>
				
			</radio>
			
			<p>Ein abweichendes Format oder Medium muss unbedingt mit dem Ausrichter abgeklärt werden</p>

			<radio legend="Filmübergabe" name="file" mandatory="new_film">
				<option>USB-Stick</option>
				<option>Upload</option>
			</radio>
		</div>

		<div class="form_block" name="right" hide="film">
			<h3>Rechtliches</h3>

			<p>Der Autor erklärt, über sämtliche Urheber-, Leistungsschutz-, Persönlichkeits- und sonstige Rechte im Zusammenhang mit der Vorführung seines Filmes zu verfügen. Mit Einreichung des Filmes räumt der Autor dem Veranstalter sämtliche erforderlichen Werknutzungsbewilligungen zur Vorführung seines Filmes im Rahmen der Landes- und/oder Staatsmeisterschaft ein. Er bestätigt, dass sein Film im Sinne des Rahmenvertrages nicht für Werbezwecke hergestellt wurde.</p>
			<p>Der Autor hält den Veranstalter im Fall seiner Inanspruchnahme durch Dritte, insbesondere im Zusammenhang mit Urheberrechtsverletzungen, vollkommen schad- und klaglos. Die Schad- und Klagloshaltung umfasst auch etwaige Kosten der Rechtsverfolgung; sie erstreckt sich auch auf die Wahl der Rechtsvertretung, auf die Entscheidung über den Abschluss von Vergleichen bzw. die Abgabe von Anerkenntnissen durch den Veranstalter.</p>
			<p>Mit Einreichung des Filmes bestätigt der Autor, die auf der Website www.filmautoren.at veröffentlichten Wettbewerbsbestimmungen des VÖFA zu akzeptieren. Die Wettbewerbsbestimmungen sind somit integrierender Bestandteil der zwischen Autor und Veranstalter getroffenen Vereinbarung.</p>

			<p>Mit dem Abschicken des Formulars melden Sie den Film beim Wettbewerb an und erklären sich mit den Wettbewerbsbestimmungen des VÖFA einverstanden.</p>

			<hr/>
			
			<checkbox comment="Filmausschnitte oder Standbilder dürfen für Öffentlichkeitsarbeit des VÖFA genutzt werden" name="ausschnitte"/>

			<checkbox comment="Ich akzeptiere die Wettbewerbsbestimmungen" name="accept" cond="accept" mandatory="mandatory"/>

		</div>

		<div class="form_block" hide="accept">
			<submit name="nennen" label="Nennung absenden"/>
		</div>
	</div>


</form>